"Date","Source","Site ID","POC","Daily Mean PM2.5 Concentration","UNITS","DAILY_AQI_VALUE","Site Name","DAILY_OBS_COUNT","PERCENT_COMPLETE","AQS_PARAMETER_CODE","AQS_PARAMETER_DESC","CBSA_CODE","CBSA_NAME","STATE_CODE","STATE","COUNTY_CODE","COUNTY","SITE_LATITUDE","SITE_LONGITUDE"
"02/01/2023","AQS","360470052","3","7.5","ug/m3 LC","31","PS 314","1","100.0000","88502","Acceptable PM2.5 AQI & Speciation Mass","35620","New York-Newark-Jersey City, NY-NJ-PA","36","New York","047","Kings","40.64182","-74.01871"
"02/02/2023","AQS","360470052","3","11.4","ug/m3 LC","48","PS 314","1","100.0000","88502","Acceptable PM2.5 AQI & Speciation Mass","35620","New York-Newark-Jersey City, NY-NJ-PA","36","New York","047","Kings","40.64182","-74.01871"
"02/03/2023","AQS","360470052","3","6.6","ug/m3 LC","28","PS 314","1","100.0000","88502","Acceptable PM2.5 AQI & Speciation Mass","35620","New York-Newark-Jersey City, NY-NJ-PA","36","New York","047","Kings","40.64182","-74.01871"
"02/04/2023","AQS","360470052","3","4.1","ug/m3 LC","17","PS 314","1","100.0000","88502","Acceptable PM2.5 AQI & Speciation Mass","35620","New York-Newark-Jersey City, NY-NJ-PA","36","New York","047","Kings","40.64182","-74.01871"
"02/05/2023","AQS","360470052","3","8.3","ug/m3 LC","35","PS 314","1","100.0000","88502","Acceptable PM2.5 AQI & Speciation Mass","35620","New York-Newark-Jersey City, NY-NJ-PA","36","New York","047","Kings","40.64182","-74.01871"
"02/06/2023","AQS","360470052","3","12.1","ug/m3 LC","51","PS 314","1","100.0000","88502","Acceptable PM2.5 AQI & Speciation Mass","35620","New York-Newark-Jersey City, NY-NJ-PA","36","New York","047","Kings","40.64182","-74.01871"
"02/07/2023","AQS","360470052","3","11","ug/m3 LC","46","PS 314","1","100.0000","88502","Acceptable PM2.5 AQI & Speciation Mass","35620","New York-Newark-Jersey City, NY-NJ-PA","36","New York","047","Kings","40.64182","-74.01871"
"02/08/2023","AQS","360470052","3","15.5","ug/m3 LC","58","PS 314","1","100.0000","88502","Acceptable PM2.5 AQI & Speciation Mass","35620","New York-Newark-Jersey City, NY-NJ-PA","36","New York","047","Kings","40.64182","-74.01871"
"02/09/2023","AQS","360470052","3","16.8","ug/m3 LC","61","PS 314","1","100.0000","88502","Acceptable PM2.5 AQI & Speciation Mass","35620","New York-Newark-Jersey City, NY-NJ-PA","36","New York","047","Kings","40.64182","-74.01871"
"02/10/2023","AQS","360470052","3","6.9","ug/m3 LC","29","PS 314","1","100.0000","88502","Acceptable PM2.5 AQI & Speciation Mass","35620","New York-Newark-Jersey City, NY-NJ-PA","36","New York","047","Kings","40.64182","-74.01871"
"02/11/2023","AQS","360470052","3","4.1","ug/m3 LC","17","PS 314","1","100.0000","88502","Acceptable PM2.5 AQI & Speciation Mass","35620","New York-Newark-Jersey City, NY-NJ-PA","36","New York","047","Kings","40.64182","-74.01871"
"02/12/2023","AQS","360470052","3","10.9","ug/m3 LC","45","PS 314","1","100.0000","88502","Acceptable PM2.5 AQI & Speciation Mass","35620","New York-Newark-Jersey City, NY-NJ-PA","36","New York","047","Kings","40.64182","-74.01871"
"02/13/2023","AQS","360470052","3","7.1","ug/m3 LC","30","PS 314","1","100.0000","88502","Acceptable PM2.5 AQI & Speciation Mass","35620","New York-Newark-Jersey City, NY-NJ-PA","36","New York","047","Kings","40.64182","-74.01871"
"02/14/2023","AQS","360470052","3","6.1","ug/m3 LC","25","PS 314","1","100.0000","88502","Acceptable PM2.5 AQI & Speciation Mass","35620","New York-Newark-Jersey City, NY-NJ-PA","36","New York","047","Kings","40.64182","-74.01871"
"02/15/2023","AQS","360470052","3","6.8","ug/m3 LC","28","PS 314","1","100.0000","88502","Acceptable PM2.5 AQI & Speciation Mass","35620","New York-Newark-Jersey City, NY-NJ-PA","36","New York","047","Kings","40.64182","-74.01871"
"02/16/2023","AQS","360470052","3","13.8","ug/m3 LC","55","PS 314","1","100.0000","88502","Acceptable PM2.5 AQI & Speciation Mass","35620","New York-Newark-Jersey City, NY-NJ-PA","36","New York","047","Kings","40.64182","-74.01871"
"02/17/2023","AQS","360470052","3","9.6","ug/m3 LC","40","PS 314","1","100.0000","88502","Acceptable PM2.5 AQI & Speciation Mass","35620","New York-Newark-Jersey City, NY-NJ-PA","36","New York","047","Kings","40.64182","-74.01871"
"02/18/2023","AQS","360470052","3","5.2","ug/m3 LC","22","PS 314","1","100.0000","88502","Acceptable PM2.5 AQI & Speciation Mass","35620","New York-Newark-Jersey City, NY-NJ-PA","36","New York","047","Kings","40.64182","-74.01871"
"02/19/2023","AQS","360470052","3","9.9","ug/m3 LC","41","PS 314","1","100.0000","88502","Acceptable PM2.5 AQI & Speciation Mass","35620","New York-Newark-Jersey City, NY-NJ-PA","36","New York","047","Kings","40.64182","-74.01871"
"02/20/2023","AQS","360470052","3","9.7","ug/m3 LC","40","PS 314","1","100.0000","88502","Acceptable PM2.5 AQI & Speciation Mass","35620","New York-Newark-Jersey City, NY-NJ-PA","36","New York","047","Kings","40.64182","-74.01871"
"02/21/2023","AQS","360470052","3","12.5","ug/m3 LC","52","PS 314","1","100.0000","88502","Acceptable PM2.5 AQI & Speciation Mass","35620","New York-Newark-Jersey City, NY-NJ-PA","36","New York","047","Kings","40.64182","-74.01871"
"02/22/2023","AQS","360470052","3","10.9","ug/m3 LC","45","PS 314","1","100.0000","88502","Acceptable PM2.5 AQI & Speciation Mass","35620","New York-Newark-Jersey City, NY-NJ-PA","36","New York","047","Kings","40.64182","-74.01871"
"02/23/2023","AQS","360470052","3","11.6","ug/m3 LC","48","PS 314","1","100.0000","88502","Acceptable PM2.5 AQI & Speciation Mass","35620","New York-Newark-Jersey City, NY-NJ-PA","36","New York","047","Kings","40.64182","-74.01871"
"02/24/2023","AQS","360470052","3","7","ug/m3 LC","29","PS 314","1","100.0000","88502","Acceptable PM2.5 AQI & Speciation Mass","35620","New York-Newark-Jersey City, NY-NJ-PA","36","New York","047","Kings","40.64182","-74.01871"
"02/25/2023","AQS","360470052","3","4.7","ug/m3 LC","20","PS 314","1","100.0000","88502","Acceptable PM2.5 AQI & Speciation Mass","35620","New York-Newark-Jersey City, NY-NJ-PA","36","New York","047","Kings","40.64182","-74.01871"
"02/26/2023","AQS","360470052","3","14.7","ug/m3 LC","56","PS 314","1","100.0000","88502","Acceptable PM2.5 AQI & Speciation Mass","35620","New York-Newark-Jersey City, NY-NJ-PA","36","New York","047","Kings","40.64182","-74.01871"
"02/27/2023","AQS","360470052","3","8.2","ug/m3 LC","34","PS 314","1","100.0000","88502","Acceptable PM2.5 AQI & Speciation Mass","35620","New York-Newark-Jersey City, NY-NJ-PA","36","New York","047","Kings","40.64182","-74.01871"
"02/28/2023","AQS","360470052","3","7.9","ug/m3 LC","33","PS 314","1","100.0000","88502","Acceptable PM2.5 AQI & Speciation Mass","35620","New York-Newark-Jersey City, NY-NJ-PA","36","New York","047","Kings","40.64182","-74.01871"
"03/01/2023","AQS","360470052","3","9.8","ug/m3 LC","41","PS 314","1","100.0000","88502","Acceptable PM2.5 AQI & Speciation Mass","35620","New York-Newark-Jersey City, NY-NJ-PA","36","New York","047","Kings","40.64182","-74.01871"
"03/02/2023","AQS","360470052","3","14.2","ug/m3 LC","55","PS 314","1","100.0000","88502","Acceptable PM2.5 AQI & Speciation Mass","35620","New York-Newark-Jersey City, NY-NJ-PA","36","New York","047","Kings","40.64182","-74.01871"
"03/03/2023","AQS","360470052","3","5.9","ug/m3 LC","25","PS 314","1","100.0000","88502","Acceptable PM2.5 AQI & Speciation Mass","35620","New York-Newark-Jersey City, NY-NJ-PA","36","New York","047","Kings","40.64182","-74.01871"
"03/04/2023","AQS","360470052","3","3.4","ug/m3 LC","14","PS 314","1","100.0000","88502","Acceptable PM2.5 AQI & Speciation Mass","35620","New York-Newark-Jersey City, NY-NJ-PA","36","New York","047","Kings","40.64182","-74.01871"
"03/05/2023","AQS","360470052","3","5.4","ug/m3 LC","23","PS 314","1","100.0000","88502","Acceptable PM2.5 AQI & Speciation Mass","35620","New York-Newark-Jersey City, NY-NJ-PA","36","New York","047","Kings","40.64182","-74.01871"
"03/06/2023","AQS","360470052","3","5.4","ug/m3 LC","23","PS 314","1","100.0000","88502","Acceptable PM2.5 AQI & Speciation Mass","35620","New York-Newark-Jersey City, NY-NJ-PA","36","New York","047","Kings","40.64182","-74.01871"
"03/07/2023","AQS","360470052","3","3.7","ug/m3 LC","15","PS 314","1","100.0000","88502","Acceptable PM2.5 AQI & Speciation Mass","35620","New York-Newark-Jersey City, NY-NJ-PA","36","New York","047","Kings","40.64182","-74.01871"
"03/08/2023","AQS","360470052","3","2.9","ug/m3 LC","12","PS 314","1","100.0000","88502","Acceptable PM2.5 AQI & Speciation Mass","35620","New York-Newark-Jersey City, NY-NJ-PA","36","New York","047","Kings","40.64182","-74.01871"
"03/09/2023","AQS","360470052","3","4.1","ug/m3 LC","17","PS 314","1","100.0000","88502","Acceptable PM2.5 AQI & Speciation Mass","35620","New York-Newark-Jersey City, NY-NJ-PA","36","New York","047","Kings","40.64182","-74.01871"
"03/10/2023","AQS","360470052","3","7.8","ug/m3 LC","33","PS 314","1","100.0000","88502","Acceptable PM2.5 AQI & Speciation Mass","35620","New York-Newark-Jersey City, NY-NJ-PA","36","New York","047","Kings","40.64182","-74.01871"
"03/11/2023","AQS","360470052","3","5.7","ug/m3 LC","24","PS 314","1","100.0000","88502","Acceptable PM2.5 AQI & Speciation Mass","35620","New York-Newark-Jersey City, NY-NJ-PA","36","New York","047","Kings","40.64182","-74.01871"
"03/12/2023","AQS","360470052","3","5.7","ug/m3 LC","24","PS 314","1","100.0000","88502","Acceptable PM2.5 AQI & Speciation Mass","35620","New York-Newark-Jersey City, NY-NJ-PA","36","New York","047","Kings","40.64182","-74.01871"
"03/13/2023","AQS","360470052","3","7.4","ug/m3 LC","31","PS 314","1","100.0000","88502","Acceptable PM2.5 AQI & Speciation Mass","35620","New York-Newark-Jersey City, NY-NJ-PA","36","New York","047","Kings","40.64182","-74.01871"
"03/14/2023","AQS","360470052","3","3","ug/m3 LC","13","PS 314","1","100.0000","88502","Acceptable PM2.5 AQI & Speciation Mass","35620","New York-Newark-Jersey City, NY-NJ-PA","36","New York","047","Kings","40.64182","-74.01871"
"03/15/2023","AQS","360470052","3","2.6","ug/m3 LC","11","PS 314","1","100.0000","88502","Acceptable PM2.5 AQI & Speciation Mass","35620","New York-Newark-Jersey City, NY-NJ-PA","36","New York","047","Kings","40.64182","-74.01871"
"03/16/2023","AQS","360470052","3","6.8","ug/m3 LC","28","PS 314","1","100.0000","88502","Acceptable PM2.5 AQI & Speciation Mass","35620","New York-Newark-Jersey City, NY-NJ-PA","36","New York","047","Kings","40.64182","-74.01871"
"03/17/2023","AQS","360470052","3","16","ug/m3 LC","59","PS 314","1","100.0000","88502","Acceptable PM2.5 AQI & Speciation Mass","35620","New York-Newark-Jersey City, NY-NJ-PA","36","New York","047","Kings","40.64182","-74.01871"
"03/18/2023","AQS","360470052","3","7.3","ug/m3 LC","30","PS 314","1","100.0000","88502","Acceptable PM2.5 AQI & Speciation Mass","35620","New York-Newark-Jersey City, NY-NJ-PA","36","New York","047","Kings","40.64182","-74.01871"
"03/19/2023","AQS","360470052","3","4.5","ug/m3 LC","19","PS 314","1","100.0000","88502","Acceptable PM2.5 AQI & Speciation Mass","35620","New York-Newark-Jersey City, NY-NJ-PA","36","New York","047","Kings","40.64182","-74.01871"
"03/20/2023","AQS","360470052","3","9.4","ug/m3 LC","39","PS 314","1","100.0000","88502","Acceptable PM2.5 AQI & Speciation Mass","35620","New York-Newark-Jersey City, NY-NJ-PA","36","New York","047","Kings","40.64182","-74.01871"
"03/21/2023","AQS","360470052","3","9.6","ug/m3 LC","40","PS 314","1","100.0000","88502","Acceptable PM2.5 AQI & Speciation Mass","35620","New York-Newark-Jersey City, NY-NJ-PA","36","New York","047","Kings","40.64182","-74.01871"
"03/22/2023","AQS","360470052","3","8.2","ug/m3 LC","34","PS 314","1","100.0000","88502","Acceptable PM2.5 AQI & Speciation Mass","35620","New York-Newark-Jersey City, NY-NJ-PA","36","New York","047","Kings","40.64182","-74.01871"
"03/23/2023","AQS","360470052","3","18.2","ug/m3 LC","64","PS 314","1","100.0000","88502","Acceptable PM2.5 AQI & Speciation Mass","35620","New York-Newark-Jersey City, NY-NJ-PA","36","New York","047","Kings","40.64182","-74.01871"
"03/24/2023","AQS","360470052","3","8.4","ug/m3 LC","35","PS 314","1","100.0000","88502","Acceptable PM2.5 AQI & Speciation Mass","35620","New York-Newark-Jersey City, NY-NJ-PA","36","New York","047","Kings","40.64182","-74.01871"
"03/25/2023","AQS","360470052","3","8.4","ug/m3 LC","35","PS 314","1","100.0000","88502","Acceptable PM2.5 AQI & Speciation Mass","35620","New York-Newark-Jersey City, NY-NJ-PA","36","New York","047","Kings","40.64182","-74.01871"
"03/26/2023","AQS","360470052","3","7.5","ug/m3 LC","31","PS 314","1","100.0000","88502","Acceptable PM2.5 AQI & Speciation Mass","35620","New York-Newark-Jersey City, NY-NJ-PA","36","New York","047","Kings","40.64182","-74.01871"
"03/27/2023","AQS","360470052","3","6.3","ug/m3 LC","26","PS 314","1","100.0000","88502","Acceptable PM2.5 AQI & Speciation Mass","35620","New York-Newark-Jersey City, NY-NJ-PA","36","New York","047","Kings","40.64182","-74.01871"
"03/28/2023","AQS","360470052","3","6.2","ug/m3 LC","26","PS 314","1","100.0000","88502","Acceptable PM2.5 AQI & Speciation Mass","35620","New York-Newark-Jersey City, NY-NJ-PA","36","New York","047","Kings","40.64182","-74.01871"
"03/29/2023","AQS","360470052","3","5.8","ug/m3 LC","24","PS 314","1","100.0000","88502","Acceptable PM2.5 AQI & Speciation Mass","35620","New York-Newark-Jersey City, NY-NJ-PA","36","New York","047","Kings","40.64182","-74.01871"
"03/30/2023","AQS","360470052","3","3.8","ug/m3 LC","16","PS 314","1","100.0000","88502","Acceptable PM2.5 AQI & Speciation Mass","35620","New York-Newark-Jersey City, NY-NJ-PA","36","New York","047","Kings","40.64182","-74.01871"
"03/31/2023","AQS","360470052","3","9.1","ug/m3 LC","38","PS 314","1","100.0000","88502","Acceptable PM2.5 AQI & Speciation Mass","35620","New York-Newark-Jersey City, NY-NJ-PA","36","New York","047","Kings","40.64182","-74.01871"
"04/01/2023","AQS","360470052","3","8","ug/m3 LC","33","PS 314","1","100.0000","88502","Acceptable PM2.5 AQI & Speciation Mass","35620","New York-Newark-Jersey City, NY-NJ-PA","36","New York","047","Kings","40.64182","-74.01871"
"04/02/2023","AQS","360470052","3","2.5","ug/m3 LC","10","PS 314","1","100.0000","88502","Acceptable PM2.5 AQI & Speciation Mass","35620","New York-Newark-Jersey City, NY-NJ-PA","36","New York","047","Kings","40.64182","-74.01871"
"04/03/2023","AQS","360470052","3","6","ug/m3 LC","25","PS 314","1","100.0000","88502","Acceptable PM2.5 AQI & Speciation Mass","35620","New York-Newark-Jersey City, NY-NJ-PA","36","New York","047","Kings","40.64182","-74.01871"
"04/04/2023","AQS","360470052","3","11","ug/m3 LC","46","PS 314","1","100.0000","88502","Acceptable PM2.5 AQI & Speciation Mass","35620","New York-Newark-Jersey City, NY-NJ-PA","36","New York","047","Kings","40.64182","-74.01871"
"04/05/2023","AQS","360470052","3","14.1","ug/m3 LC","55","PS 314","1","100.0000","88502","Acceptable PM2.5 AQI & Speciation Mass","35620","New York-Newark-Jersey City, NY-NJ-PA","36","New York","047","Kings","40.64182","-74.01871"
"04/06/2023","AQS","360470052","3","16","ug/m3 LC","59","PS 314","1","100.0000","88502","Acceptable PM2.5 AQI & Speciation Mass","35620","New York-Newark-Jersey City, NY-NJ-PA","36","New York","047","Kings","40.64182","-74.01871"
"04/07/2023","AQS","360470052","3","4","ug/m3 LC","17","PS 314","1","100.0000","88502","Acceptable PM2.5 AQI & Speciation Mass","35620","New York-Newark-Jersey City, NY-NJ-PA","36","New York","047","Kings","40.64182","-74.01871"
"04/08/2023","AQS","360470052","3","5.2","ug/m3 LC","22","PS 314","1","100.0000","88502","Acceptable PM2.5 AQI & Speciation Mass","35620","New York-Newark-Jersey City, NY-NJ-PA","36","New York","047","Kings","40.64182","-74.01871"
"04/09/2023","AQS","360470052","3","7.3","ug/m3 LC","30","PS 314","1","100.0000","88502","Acceptable PM2.5 AQI & Speciation Mass","35620","New York-Newark-Jersey City, NY-NJ-PA","36","New York","047","Kings","40.64182","-74.01871"
"04/10/2023","AQS","360470052","3","7.9","ug/m3 LC","33","PS 314","1","100.0000","88502","Acceptable PM2.5 AQI & Speciation Mass","35620","New York-Newark-Jersey City, NY-NJ-PA","36","New York","047","Kings","40.64182","-74.01871"
"04/11/2023","AQS","360470052","3","8.8","ug/m3 LC","37","PS 314","1","100.0000","88502","Acceptable PM2.5 AQI & Speciation Mass","35620","New York-Newark-Jersey City, NY-NJ-PA","36","New York","047","Kings","40.64182","-74.01871"
"04/12/2023","AQS","360470052","3","10.1","ug/m3 LC","42","PS 314","1","100.0000","88502","Acceptable PM2.5 AQI & Speciation Mass","35620","New York-Newark-Jersey City, NY-NJ-PA","36","New York","047","Kings","40.64182","-74.01871"
"04/13/2023","AQS","360470052","3","12.4","ug/m3 LC","52","PS 314","1","100.0000","88502","Acceptable PM2.5 AQI & Speciation Mass","35620","New York-Newark-Jersey City, NY-NJ-PA","36","New York","047","Kings","40.64182","-74.01871"
"04/14/2023","AQS","360470052","3","14.8","ug/m3 LC","57","PS 314","1","100.0000","88502","Acceptable PM2.5 AQI & Speciation Mass","35620","New York-Newark-Jersey City, NY-NJ-PA","36","New York","047","Kings","40.64182","-74.01871"
"04/15/2023","AQS","360470052","3","7.3","ug/m3 LC","30","PS 314","1","100.0000","88502","Acceptable PM2.5 AQI & Speciation Mass","35620","New York-Newark-Jersey City, NY-NJ-PA","36","New York","047","Kings","40.64182","-74.01871"
"04/16/2023","AQS","360470052","3","13","ug/m3 LC","53","PS 314","1","100.0000","88502","Acceptable PM2.5 AQI & Speciation Mass","35620","New York-Newark-Jersey City, NY-NJ-PA","36","New York","047","Kings","40.64182","-74.01871"
"04/17/2023","AQS","360470052","3","10.4","ug/m3 LC","43","PS 314","1","100.0000","88502","Acceptable PM2.5 AQI & Speciation Mass","35620","New York-Newark-Jersey City, NY-NJ-PA","36","New York","047","Kings","40.64182","-74.01871"
"04/18/2023","AQS","360470052","3","5.3","ug/m3 LC","22","PS 314","1","100.0000","88502","Acceptable PM2.5 AQI & Speciation Mass","35620","New York-Newark-Jersey City, NY-NJ-PA","36","New York","047","Kings","40.64182","-74.01871"
"04/19/2023","AQS","360470052","3","7","ug/m3 LC","29","PS 314","1","100.0000","88502","Acceptable PM2.5 AQI & Speciation Mass","35620","New York-Newark-Jersey City, NY-NJ-PA","36","New York","047","Kings","40.64182","-74.01871"
"04/20/2023","AQS","360470052","3","8.9","ug/m3 LC","37","PS 314","1","100.0000","88502","Acceptable PM2.5 AQI & Speciation Mass","35620","New York-Newark-Jersey City, NY-NJ-PA","36","New York","047","Kings","40.64182","-74.01871"
"04/21/2023","AQS","360470052","3","9.9","ug/m3 LC","41","PS 314","1","100.0000","88502","Acceptable PM2.5 AQI & Speciation Mass","35620","New York-Newark-Jersey City, NY-NJ-PA","36","New York","047","Kings","40.64182","-74.01871"
"04/22/2023","AQS","360470052","3","15.4","ug/m3 LC","58","PS 314","1","100.0000","88502","Acceptable PM2.5 AQI & Speciation Mass","35620","New York-Newark-Jersey City, NY-NJ-PA","36","New York","047","Kings","40.64182","-74.01871"
"04/23/2023","AQS","360470052","3","5.6","ug/m3 LC","23","PS 314","1","100.0000","88502","Acceptable PM2.5 AQI & Speciation Mass","35620","New York-Newark-Jersey City, NY-NJ-PA","36","New York","047","Kings","40.64182","-74.01871"
"04/24/2023","AQS","360470052","3","5.9","ug/m3 LC","25","PS 314","1","100.0000","88502","Acceptable PM2.5 AQI & Speciation Mass","35620","New York-Newark-Jersey City, NY-NJ-PA","36","New York","047","Kings","40.64182","-74.01871"
"04/25/2023","AQS","360470052","3","7.5","ug/m3 LC","31","PS 314","1","100.0000","88502","Acceptable PM2.5 AQI & Speciation Mass","35620","New York-Newark-Jersey City, NY-NJ-PA","36","New York","047","Kings","40.64182","-74.01871"
"04/26/2023","AQS","360470052","3","9.4","ug/m3 LC","39","PS 314","1","100.0000","88502","Acceptable PM2.5 AQI & Speciation Mass","35620","New York-Newark-Jersey City, NY-NJ-PA","36","New York","047","Kings","40.64182","-74.01871"
"04/27/2023","AQS","360470052","3","10.5","ug/m3 LC","44","PS 314","1","100.0000","88502","Acceptable PM2.5 AQI & Speciation Mass","35620","New York-Newark-Jersey City, NY-NJ-PA","36","New York","047","Kings","40.64182","-74.01871"
"04/28/2023","AQS","360470052","3","10.2","ug/m3 LC","43","PS 314","1","100.0000","88502","Acceptable PM2.5 AQI & Speciation Mass","35620","New York-Newark-Jersey City, NY-NJ-PA","36","New York","047","Kings","40.64182","-74.01871"
"04/29/2023","AQS","360470052","3","6.5","ug/m3 LC","27","PS 314","1","100.0000","88502","Acceptable PM2.5 AQI & Speciation Mass","35620","New York-Newark-Jersey City, NY-NJ-PA","36","New York","047","Kings","40.64182","-74.01871"
"04/30/2023","AQS","360470052","3","5.8","ug/m3 LC","24","PS 314","1","100.0000","88502","Acceptable PM2.5 AQI & Speciation Mass","35620","New York-Newark-Jersey City, NY-NJ-PA","36","New York","047","Kings","40.64182","-74.01871"
"05/01/2023","AQS","360470052","3","3.6","ug/m3 LC","15","PS 314","1","100.0000","88502","Acceptable PM2.5 AQI & Speciation Mass","35620","New York-Newark-Jersey City, NY-NJ-PA","36","New York","047","Kings","40.64182","-74.01871"
"05/02/2023","AQS","360470052","3","2.6","ug/m3 LC","11","PS 314","1","100.0000","88502","Acceptable PM2.5 AQI & Speciation Mass","35620","New York-Newark-Jersey City, NY-NJ-PA","36","New York","047","Kings","40.64182","-74.01871"
"05/03/2023","AQS","360470052","3","3.2","ug/m3 LC","13","PS 314","1","100.0000","88502","Acceptable PM2.5 AQI & Speciation Mass","35620","New York-Newark-Jersey City, NY-NJ-PA","36","New York","047","Kings","40.64182","-74.01871"
"05/04/2023","AQS","360470052","3","7","ug/m3 LC","29","PS 314","1","100.0000","88502","Acceptable PM2.5 AQI & Speciation Mass","35620","New York-Newark-Jersey City, NY-NJ-PA","36","New York","047","Kings","40.64182","-74.01871"
"05/05/2023","AQS","360470052","3","8.4","ug/m3 LC","35","PS 314","1","100.0000","88502","Acceptable PM2.5 AQI & Speciation Mass","35620","New York-Newark-Jersey City, NY-NJ-PA","36","New York","047","Kings","40.64182","-74.01871"
"05/06/2023","AQS","360470052","3","7.2","ug/m3 LC","30","PS 314","1","100.0000","88502","Acceptable PM2.5 AQI & Speciation Mass","35620","New York-Newark-Jersey City, NY-NJ-PA","36","New York","047","Kings","40.64182","-74.01871"
"05/07/2023","AQS","360470052","3","7.5","ug/m3 LC","31","PS 314","1","100.0000","88502","Acceptable PM2.5 AQI & Speciation Mass","35620","New York-Newark-Jersey City, NY-NJ-PA","36","New York","047","Kings","40.64182","-74.01871"
"05/08/2023","AQS","360470052","3","5.6","ug/m3 LC","23","PS 314","1","100.0000","88502","Acceptable PM2.5 AQI & Speciation Mass","35620","New York-Newark-Jersey City, NY-NJ-PA","36","New York","047","Kings","40.64182","-74.01871"
"05/09/2023","AQS","360470052","3","5.4","ug/m3 LC","23","PS 314","1","100.0000","88502","Acceptable PM2.5 AQI & Speciation Mass","35620","New York-Newark-Jersey City, NY-NJ-PA","36","New York","047","Kings","40.64182","-74.01871"
"05/10/2023","AQS","360470052","3","8.1","ug/m3 LC","34","PS 314","1","100.0000","88502","Acceptable PM2.5 AQI & Speciation Mass","35620","New York-Newark-Jersey City, NY-NJ-PA","36","New York","047","Kings","40.64182","-74.01871"
"05/11/2023","AQS","360470052","3","13.1","ug/m3 LC","53","PS 314","1","100.0000","88502","Acceptable PM2.5 AQI & Speciation Mass","35620","New York-Newark-Jersey City, NY-NJ-PA","36","New York","047","Kings","40.64182","-74.01871"
"05/12/2023","AQS","360470052","3","16.8","ug/m3 LC","61","PS 314","1","100.0000","88502","Acceptable PM2.5 AQI & Speciation Mass","35620","New York-Newark-Jersey City, NY-NJ-PA","36","New York","047","Kings","40.64182","-74.01871"
"05/13/2023","AQS","360470052","3","14","ug/m3 LC","55","PS 314","1","100.0000","88502","Acceptable PM2.5 AQI & Speciation Mass","35620","New York-Newark-Jersey City, NY-NJ-PA","36","New York","047","Kings","40.64182","-74.01871"
"05/14/2023","AQS","360470052","3","8.7","ug/m3 LC","36","PS 314","1","100.0000","88502","Acceptable PM2.5 AQI & Speciation Mass","35620","New York-Newark-Jersey City, NY-NJ-PA","36","New York","047","Kings","40.64182","-74.01871"
"05/15/2023","AQS","360470052","3","5.7","ug/m3 LC","24","PS 314","1","100.0000","88502","Acceptable PM2.5 AQI & Speciation Mass","35620","New York-Newark-Jersey City, NY-NJ-PA","36","New York","047","Kings","40.64182","-74.01871"
"05/16/2023","AQS","360470052","3","8.5","ug/m3 LC","35","PS 314","1","100.0000","88502","Acceptable PM2.5 AQI & Speciation Mass","35620","New York-Newark-Jersey City, NY-NJ-PA","36","New York","047","Kings","40.64182","-74.01871"
"05/17/2023","AQS","360470052","3","5.9","ug/m3 LC","25","PS 314","1","100.0000","88502","Acceptable PM2.5 AQI & Speciation Mass","35620","New York-Newark-Jersey City, NY-NJ-PA","36","New York","047","Kings","40.64182","-74.01871"
"05/18/2023","AQS","360470052","3","4.8","ug/m3 LC","20","PS 314","1","100.0000","88502","Acceptable PM2.5 AQI & Speciation Mass","35620","New York-Newark-Jersey City, NY-NJ-PA","36","New York","047","Kings","40.64182","-74.01871"
"05/19/2023","AQS","360470052","3","6.7","ug/m3 LC","28","PS 314","1","100.0000","88502","Acceptable PM2.5 AQI & Speciation Mass","35620","New York-Newark-Jersey City, NY-NJ-PA","36","New York","047","Kings","40.64182","-74.01871"
"05/20/2023","AQS","360470052","3","6.9","ug/m3 LC","29","PS 314","1","100.0000","88502","Acceptable PM2.5 AQI & Speciation Mass","35620","New York-Newark-Jersey City, NY-NJ-PA","36","New York","047","Kings","40.64182","-74.01871"
"05/21/2023","AQS","360470052","3","12.3","ug/m3 LC","51","PS 314","1","100.0000","88502","Acceptable PM2.5 AQI & Speciation Mass","35620","New York-Newark-Jersey City, NY-NJ-PA","36","New York","047","Kings","40.64182","-74.01871"
"05/22/2023","AQS","360470052","3","17.5","ug/m3 LC","62","PS 314","1","100.0000","88502","Acceptable PM2.5 AQI & Speciation Mass","35620","New York-Newark-Jersey City, NY-NJ-PA","36","New York","047","Kings","40.64182","-74.01871"
"05/23/2023","AQS","360470052","3","10","ug/m3 LC","42","PS 314","1","100.0000","88502","Acceptable PM2.5 AQI & Speciation Mass","35620","New York-Newark-Jersey City, NY-NJ-PA","36","New York","047","Kings","40.64182","-74.01871"
"05/24/2023","AQS","360470052","3","7.5","ug/m3 LC","31","PS 314","1","100.0000","88502","Acceptable PM2.5 AQI & Speciation Mass","35620","New York-Newark-Jersey City, NY-NJ-PA","36","New York","047","Kings","40.64182","-74.01871"
"05/25/2023","AQS","360470052","3","4.4","ug/m3 LC","18","PS 314","1","100.0000","88502","Acceptable PM2.5 AQI & Speciation Mass","35620","New York-Newark-Jersey City, NY-NJ-PA","36","New York","047","Kings","40.64182","-74.01871"
"05/26/2023","AQS","360470052","3","5.5","ug/m3 LC","23","PS 314","1","100.0000","88502","Acceptable PM2.5 AQI & Speciation Mass","35620","New York-Newark-Jersey City, NY-NJ-PA","36","New York","047","Kings","40.64182","-74.01871"
"05/27/2023","AQS","360470052","3","7.4","ug/m3 LC","31","PS 314","1","100.0000","88502","Acceptable PM2.5 AQI & Speciation Mass","35620","New York-Newark-Jersey City, NY-NJ-PA","36","New York","047","Kings","40.64182","-74.01871"
"05/28/2023","AQS","360470052","3","5.8","ug/m3 LC","24","PS 314","1","100.0000","88502","Acceptable PM2.5 AQI & Speciation Mass","35620","New York-Newark-Jersey City, NY-NJ-PA","36","New York","047","Kings","40.64182","-74.01871"
"05/29/2023","AQS","360470052","3","11.6","ug/m3 LC","48","PS 314","1","100.0000","88502","Acceptable PM2.5 AQI & Speciation Mass","35620","New York-Newark-Jersey City, NY-NJ-PA","36","New York","047","Kings","40.64182","-74.01871"
"05/30/2023","AQS","360470052","3","15.9","ug/m3 LC","59","PS 314","1","100.0000","88502","Acceptable PM2.5 AQI & Speciation Mass","35620","New York-Newark-Jersey City, NY-NJ-PA","36","New York","047","Kings","40.64182","-74.01871"
"05/31/2023","AQS","360470052","3","14.9","ug/m3 LC","57","PS 314","1","100.0000","88502","Acceptable PM2.5 AQI & Speciation Mass","35620","New York-Newark-Jersey City, NY-NJ-PA","36","New York","047","Kings","40.64182","-74.01871"
"06/01/2023","AQS","360470052","3","15.5","ug/m3 LC","58","PS 314","1","100.0000","88502","Acceptable PM2.5 AQI & Speciation Mass","35620","New York-Newark-Jersey City, NY-NJ-PA","36","New York","047","Kings","40.64182","-74.01871"
"06/02/2023","AQS","360470052","3","16.6","ug/m3 LC","60","PS 314","1","100.0000","88502","Acceptable PM2.5 AQI & Speciation Mass","35620","New York-Newark-Jersey City, NY-NJ-PA","36","New York","047","Kings","40.64182","-74.01871"
"06/03/2023","AQS","360470052","3","12.8","ug/m3 LC","52","PS 314","1","100.0000","88502","Acceptable PM2.5 AQI & Speciation Mass","35620","New York-Newark-Jersey City, NY-NJ-PA","36","New York","047","Kings","40.64182","-74.01871"
"06/04/2023","AQS","360470052","3","5.7","ug/m3 LC","24","PS 314","1","100.0000","88502","Acceptable PM2.5 AQI & Speciation Mass","35620","New York-Newark-Jersey City, NY-NJ-PA","36","New York","047","Kings","40.64182","-74.01871"
"06/05/2023","AQS","360470052","3","13.2","ug/m3 LC","53","PS 314","1","100.0000","88502","Acceptable PM2.5 AQI & Speciation Mass","35620","New York-Newark-Jersey City, NY-NJ-PA","36","New York","047","Kings","40.64182","-74.01871"
"06/06/2023","AQS","360470052","3","83.8","ug/m3 LC","166","PS 314","1","100.0000","88502","Acceptable PM2.5 AQI & Speciation Mass","35620","New York-Newark-Jersey City, NY-NJ-PA","36","New York","047","Kings","40.64182","-74.01871"
"06/07/2023","AQS","360470052","3","173.7","ug/m3 LC","224","PS 314","1","100.0000","88502","Acceptable PM2.5 AQI & Speciation Mass","35620","New York-Newark-Jersey City, NY-NJ-PA","36","New York","047","Kings","40.64182","-74.01871"
"06/08/2023","AQS","360470052","3","100.4","ug/m3 LC","174","PS 314","1","100.0000","88502","Acceptable PM2.5 AQI & Speciation Mass","35620","New York-Newark-Jersey City, NY-NJ-PA","36","New York","047","Kings","40.64182","-74.01871"
"06/09/2023","AQS","360470052","3","14.8","ug/m3 LC","57","PS 314","1","100.0000","88502","Acceptable PM2.5 AQI & Speciation Mass","35620","New York-Newark-Jersey City, NY-NJ-PA","36","New York","047","Kings","40.64182","-74.01871"
"06/10/2023","AQS","360470052","3","15.8","ug/m3 LC","59","PS 314","1","100.0000","88502","Acceptable PM2.5 AQI & Speciation Mass","35620","New York-Newark-Jersey City, NY-NJ-PA","36","New York","047","Kings","40.64182","-74.01871"
"06/11/2023","AQS","360470052","3","31.6","ug/m3 LC","92","PS 314","1","100.0000","88502","Acceptable PM2.5 AQI & Speciation Mass","35620","New York-Newark-Jersey City, NY-NJ-PA","36","New York","047","Kings","40.64182","-74.01871"
"06/12/2023","AQS","360470052","3","25","ug/m3 LC","78","PS 314","1","100.0000","88502","Acceptable PM2.5 AQI & Speciation Mass","35620","New York-Newark-Jersey City, NY-NJ-PA","36","New York","047","Kings","40.64182","-74.01871"
"06/13/2023","AQS","360470052","3","8.1","ug/m3 LC","34","PS 314","1","100.0000","88502","Acceptable PM2.5 AQI & Speciation Mass","35620","New York-Newark-Jersey City, NY-NJ-PA","36","New York","047","Kings","40.64182","-74.01871"
"06/14/2023","AQS","360470052","3","9.2","ug/m3 LC","38","PS 314","1","100.0000","88502","Acceptable PM2.5 AQI & Speciation Mass","35620","New York-Newark-Jersey City, NY-NJ-PA","36","New York","047","Kings","40.64182","-74.01871"
"02/01/2023","AQS","360470118","3","7.2","ug/m3 LC","30","PS 274","1","100.0000","88502","Acceptable PM2.5 AQI & Speciation Mass","35620","New York-Newark-Jersey City, NY-NJ-PA","36","New York","047","Kings","40.69454","-73.92769"
"02/02/2023","AQS","360470118","3","12.6","ug/m3 LC","52","PS 274","1","100.0000","88502","Acceptable PM2.5 AQI & Speciation Mass","35620","New York-Newark-Jersey City, NY-NJ-PA","36","New York","047","Kings","40.69454","-73.92769"
"02/03/2023","AQS","360470118","3","6.6","ug/m3 LC","28","PS 274","1","100.0000","88502","Acceptable PM2.5 AQI & Speciation Mass","35620","New York-Newark-Jersey City, NY-NJ-PA","36","New York","047","Kings","40.69454","-73.92769"
"02/04/2023","AQS","360470118","3","4.1","ug/m3 LC","17","PS 274","1","100.0000","88502","Acceptable PM2.5 AQI & Speciation Mass","35620","New York-Newark-Jersey City, NY-NJ-PA","36","New York","047","Kings","40.69454","-73.92769"
"02/05/2023","AQS","360470118","3","9.5","ug/m3 LC","40","PS 274","1","100.0000","88502","Acceptable PM2.5 AQI & Speciation Mass","35620","New York-Newark-Jersey City, NY-NJ-PA","36","New York","047","Kings","40.69454","-73.92769"
"02/06/2023","AQS","360470118","3","13.3","ug/m3 LC","54","PS 274","1","100.0000","88502","Acceptable PM2.5 AQI & Speciation Mass","35620","New York-Newark-Jersey City, NY-NJ-PA","36","New York","047","Kings","40.69454","-73.92769"
"02/07/2023","AQS","360470118","3","11.4","ug/m3 LC","48","PS 274","1","100.0000","88502","Acceptable PM2.5 AQI & Speciation Mass","35620","New York-Newark-Jersey City, NY-NJ-PA","36","New York","047","Kings","40.69454","-73.92769"
"02/08/2023","AQS","360470118","3","14.8","ug/m3 LC","57","PS 274","1","100.0000","88502","Acceptable PM2.5 AQI & Speciation Mass","35620","New York-Newark-Jersey City, NY-NJ-PA","36","New York","047","Kings","40.69454","-73.92769"
"02/09/2023","AQS","360470118","3","17.5","ug/m3 LC","62","PS 274","1","100.0000","88502","Acceptable PM2.5 AQI & Speciation Mass","35620","New York-Newark-Jersey City, NY-NJ-PA","36","New York","047","Kings","40.69454","-73.92769"
"02/10/2023","AQS","360470118","3","7.7","ug/m3 LC","32","PS 274","1","100.0000","88502","Acceptable PM2.5 AQI & Speciation Mass","35620","New York-Newark-Jersey City, NY-NJ-PA","36","New York","047","Kings","40.69454","-73.92769"
"02/11/2023","AQS","360470118","3","4.5","ug/m3 LC","19","PS 274","1","100.0000","88502","Acceptable PM2.5 AQI & Speciation Mass","35620","New York-Newark-Jersey City, NY-NJ-PA","36","New York","047","Kings","40.69454","-73.92769"
"02/12/2023","AQS","360470118","3","10.8","ug/m3 LC","45","PS 274","1","100.0000","88502","Acceptable PM2.5 AQI & Speciation Mass","35620","New York-Newark-Jersey City, NY-NJ-PA","36","New York","047","Kings","40.69454","-73.92769"
"02/13/2023","AQS","360470118","3","7.7","ug/m3 LC","32","PS 274","1","100.0000","88502","Acceptable PM2.5 AQI & Speciation Mass","35620","New York-Newark-Jersey City, NY-NJ-PA","36","New York","047","Kings","40.69454","-73.92769"
"02/14/2023","AQS","360470118","3","7.2","ug/m3 LC","30","PS 274","1","100.0000","88502","Acceptable PM2.5 AQI & Speciation Mass","35620","New York-Newark-Jersey City, NY-NJ-PA","36","New York","047","Kings","40.69454","-73.92769"
"02/15/2023","AQS","360470118","3","7.7","ug/m3 LC","32","PS 274","1","100.0000","88502","Acceptable PM2.5 AQI & Speciation Mass","35620","New York-Newark-Jersey City, NY-NJ-PA","36","New York","047","Kings","40.69454","-73.92769"
"02/16/2023","AQS","360470118","3","13.1","ug/m3 LC","53","PS 274","1","100.0000","88502","Acceptable PM2.5 AQI & Speciation Mass","35620","New York-Newark-Jersey City, NY-NJ-PA","36","New York","047","Kings","40.69454","-73.92769"
"02/17/2023","AQS","360470118","3","9.6","ug/m3 LC","40","PS 274","1","100.0000","88502","Acceptable PM2.5 AQI & Speciation Mass","35620","New York-Newark-Jersey City, NY-NJ-PA","36","New York","047","Kings","40.69454","-73.92769"
"02/18/2023","AQS","360470118","3","5.4","ug/m3 LC","23","PS 274","1","100.0000","88502","Acceptable PM2.5 AQI & Speciation Mass","35620","New York-Newark-Jersey City, NY-NJ-PA","36","New York","047","Kings","40.69454","-73.92769"
"02/19/2023","AQS","360470118","3","10.9","ug/m3 LC","45","PS 274","1","100.0000","88502","Acceptable PM2.5 AQI & Speciation Mass","35620","New York-Newark-Jersey City, NY-NJ-PA","36","New York","047","Kings","40.69454","-73.92769"
"02/20/2023","AQS","360470118","3","10.4","ug/m3 LC","43","PS 274","1","100.0000","88502","Acceptable PM2.5 AQI & Speciation Mass","35620","New York-Newark-Jersey City, NY-NJ-PA","36","New York","047","Kings","40.69454","-73.92769"
"02/21/2023","AQS","360470118","3","12.6","ug/m3 LC","52","PS 274","1","100.0000","88502","Acceptable PM2.5 AQI & Speciation Mass","35620","New York-Newark-Jersey City, NY-NJ-PA","36","New York","047","Kings","40.69454","-73.92769"
"02/22/2023","AQS","360470118","3","11","ug/m3 LC","46","PS 274","1","100.0000","88502","Acceptable PM2.5 AQI & Speciation Mass","35620","New York-Newark-Jersey City, NY-NJ-PA","36","New York","047","Kings","40.69454","-73.92769"
"02/23/2023","AQS","360470118","3","9.7","ug/m3 LC","40","PS 274","1","100.0000","88502","Acceptable PM2.5 AQI & Speciation Mass","35620","New York-Newark-Jersey City, NY-NJ-PA","36","New York","047","Kings","40.69454","-73.92769"
"02/24/2023","AQS","360470118","3","6.8","ug/m3 LC","28","PS 274","1","100.0000","88502","Acceptable PM2.5 AQI & Speciation Mass","35620","New York-Newark-Jersey City, NY-NJ-PA","36","New York","047","Kings","40.69454","-73.92769"
"02/25/2023","AQS","360470118","3","5.1","ug/m3 LC","21","PS 274","1","100.0000","88502","Acceptable PM2.5 AQI & Speciation Mass","35620","New York-Newark-Jersey City, NY-NJ-PA","36","New York","047","Kings","40.69454","-73.92769"
"02/26/2023","AQS","360470118","3","16.9","ug/m3 LC","61","PS 274","1","100.0000","88502","Acceptable PM2.5 AQI & Speciation Mass","35620","New York-Newark-Jersey City, NY-NJ-PA","36","New York","047","Kings","40.69454","-73.92769"
"02/27/2023","AQS","360470118","3","7.8","ug/m3 LC","33","PS 274","1","100.0000","88502","Acceptable PM2.5 AQI & Speciation Mass","35620","New York-Newark-Jersey City, NY-NJ-PA","36","New York","047","Kings","40.69454","-73.92769"
"02/28/2023","AQS","360470118","3","7.8","ug/m3 LC","33","PS 274","1","100.0000","88502","Acceptable PM2.5 AQI & Speciation Mass","35620","New York-Newark-Jersey City, NY-NJ-PA","36","New York","047","Kings","40.69454","-73.92769"
"03/01/2023","AQS","360470118","3","9.3","ug/m3 LC","39","PS 274","1","100.0000","88502","Acceptable PM2.5 AQI & Speciation Mass","35620","New York-Newark-Jersey City, NY-NJ-PA","36","New York","047","Kings","40.69454","-73.92769"
"03/02/2023","AQS","360470118","3","12.6","ug/m3 LC","52","PS 274","1","100.0000","88502","Acceptable PM2.5 AQI & Speciation Mass","35620","New York-Newark-Jersey City, NY-NJ-PA","36","New York","047","Kings","40.69454","-73.92769"
"03/03/2023","AQS","360470118","3","5.5","ug/m3 LC","23","PS 274","1","100.0000","88502","Acceptable PM2.5 AQI & Speciation Mass","35620","New York-Newark-Jersey City, NY-NJ-PA","36","New York","047","Kings","40.69454","-73.92769"
"03/04/2023","AQS","360470118","3","3.8","ug/m3 LC","16","PS 274","1","100.0000","88502","Acceptable PM2.5 AQI & Speciation Mass","35620","New York-Newark-Jersey City, NY-NJ-PA","36","New York","047","Kings","40.69454","-73.92769"
"03/05/2023","AQS","360470118","3","6","ug/m3 LC","25","PS 274","1","100.0000","88502","Acceptable PM2.5 AQI & Speciation Mass","35620","New York-Newark-Jersey City, NY-NJ-PA","36","New York","047","Kings","40.69454","-73.92769"
"03/06/2023","AQS","360470118","3","5.4","ug/m3 LC","23","PS 274","1","100.0000","88502","Acceptable PM2.5 AQI & Speciation Mass","35620","New York-Newark-Jersey City, NY-NJ-PA","36","New York","047","Kings","40.69454","-73.92769"
"03/07/2023","AQS","360470118","3","3.5","ug/m3 LC","15","PS 274","1","100.0000","88502","Acceptable PM2.5 AQI & Speciation Mass","35620","New York-Newark-Jersey City, NY-NJ-PA","36","New York","047","Kings","40.69454","-73.92769"
"03/08/2023","AQS","360470118","3","3.2","ug/m3 LC","13","PS 274","1","100.0000","88502","Acceptable PM2.5 AQI & Speciation Mass","35620","New York-Newark-Jersey City, NY-NJ-PA","36","New York","047","Kings","40.69454","-73.92769"
"03/09/2023","AQS","360470118","3","4.3","ug/m3 LC","18","PS 274","1","100.0000","88502","Acceptable PM2.5 AQI & Speciation Mass","35620","New York-Newark-Jersey City, NY-NJ-PA","36","New York","047","Kings","40.69454","-73.92769"
"03/10/2023","AQS","360470118","3","7.4","ug/m3 LC","31","PS 274","1","100.0000","88502","Acceptable PM2.5 AQI & Speciation Mass","35620","New York-Newark-Jersey City, NY-NJ-PA","36","New York","047","Kings","40.69454","-73.92769"
"03/11/2023","AQS","360470118","3","5.5","ug/m3 LC","23","PS 274","1","100.0000","88502","Acceptable PM2.5 AQI & Speciation Mass","35620","New York-Newark-Jersey City, NY-NJ-PA","36","New York","047","Kings","40.69454","-73.92769"
"03/12/2023","AQS","360470118","3","5.7","ug/m3 LC","24","PS 274","1","100.0000","88502","Acceptable PM2.5 AQI & Speciation Mass","35620","New York-Newark-Jersey City, NY-NJ-PA","36","New York","047","Kings","40.69454","-73.92769"
"03/13/2023","AQS","360470118","3","6.6","ug/m3 LC","28","PS 274","1","100.0000","88502","Acceptable PM2.5 AQI & Speciation Mass","35620","New York-Newark-Jersey City, NY-NJ-PA","36","New York","047","Kings","40.69454","-73.92769"
"03/14/2023","AQS","360470118","3","3.1","ug/m3 LC","13","PS 274","1","100.0000","88502","Acceptable PM2.5 AQI & Speciation Mass","35620","New York-Newark-Jersey City, NY-NJ-PA","36","New York","047","Kings","40.69454","-73.92769"
"03/15/2023","AQS","360470118","3","2.6","ug/m3 LC","11","PS 274","1","100.0000","88502","Acceptable PM2.5 AQI & Speciation Mass","35620","New York-Newark-Jersey City, NY-NJ-PA","36","New York","047","Kings","40.69454","-73.92769"
"03/16/2023","AQS","360470118","3","7.7","ug/m3 LC","32","PS 274","1","100.0000","88502","Acceptable PM2.5 AQI & Speciation Mass","35620","New York-Newark-Jersey City, NY-NJ-PA","36","New York","047","Kings","40.69454","-73.92769"
"03/17/2023","AQS","360470118","3","17.4","ug/m3 LC","62","PS 274","1","100.0000","88502","Acceptable PM2.5 AQI & Speciation Mass","35620","New York-Newark-Jersey City, NY-NJ-PA","36","New York","047","Kings","40.69454","-73.92769"
"03/18/2023","AQS","360470118","3","7.9","ug/m3 LC","33","PS 274","1","100.0000","88502","Acceptable PM2.5 AQI & Speciation Mass","35620","New York-Newark-Jersey City, NY-NJ-PA","36","New York","047","Kings","40.69454","-73.92769"
"03/19/2023","AQS","360470118","3","4.9","ug/m3 LC","20","PS 274","1","100.0000","88502","Acceptable PM2.5 AQI & Speciation Mass","35620","New York-Newark-Jersey City, NY-NJ-PA","36","New York","047","Kings","40.69454","-73.92769"
"03/20/2023","AQS","360470118","3","10.3","ug/m3 LC","43","PS 274","1","100.0000","88502","Acceptable PM2.5 AQI & Speciation Mass","35620","New York-Newark-Jersey City, NY-NJ-PA","36","New York","047","Kings","40.69454","-73.92769"
"03/21/2023","AQS","360470118","3","10.5","ug/m3 LC","44","PS 274","1","100.0000","88502","Acceptable PM2.5 AQI & Speciation Mass","35620","New York-Newark-Jersey City, NY-NJ-PA","36","New York","047","Kings","40.69454","-73.92769"
"03/22/2023","AQS","360470118","3","9.2","ug/m3 LC","38","PS 274","1","100.0000","88502","Acceptable PM2.5 AQI & Speciation Mass","35620","New York-Newark-Jersey City, NY-NJ-PA","36","New York","047","Kings","40.69454","-73.92769"
"03/23/2023","AQS","360470118","3","18.9","ug/m3 LC","65","PS 274","1","100.0000","88502","Acceptable PM2.5 AQI & Speciation Mass","35620","New York-Newark-Jersey City, NY-NJ-PA","36","New York","047","Kings","40.69454","-73.92769"
"03/24/2023","AQS","360470118","3","9.7","ug/m3 LC","40","PS 274","1","100.0000","88502","Acceptable PM2.5 AQI & Speciation Mass","35620","New York-Newark-Jersey City, NY-NJ-PA","36","New York","047","Kings","40.69454","-73.92769"
"03/25/2023","AQS","360470118","3","8.4","ug/m3 LC","35","PS 274","1","100.0000","88502","Acceptable PM2.5 AQI & Speciation Mass","35620","New York-Newark-Jersey City, NY-NJ-PA","36","New York","047","Kings","40.69454","-73.92769"
"03/26/2023","AQS","360470118","3","8","ug/m3 LC","33","PS 274","1","100.0000","88502","Acceptable PM2.5 AQI & Speciation Mass","35620","New York-Newark-Jersey City, NY-NJ-PA","36","New York","047","Kings","40.69454","-73.92769"
"03/27/2023","AQS","360470118","3","6.2","ug/m3 LC","26","PS 274","1","100.0000","88502","Acceptable PM2.5 AQI & Speciation Mass","35620","New York-Newark-Jersey City, NY-NJ-PA","36","New York","047","Kings","40.69454","-73.92769"
"03/28/2023","AQS","360470118","3","7","ug/m3 LC","29","PS 274","1","100.0000","88502","Acceptable PM2.5 AQI & Speciation Mass","35620","New York-Newark-Jersey City, NY-NJ-PA","36","New York","047","Kings","40.69454","-73.92769"
"03/29/2023","AQS","360470118","3","6.7","ug/m3 LC","28","PS 274","1","100.0000","88502","Acceptable PM2.5 AQI & Speciation Mass","35620","New York-Newark-Jersey City, NY-NJ-PA","36","New York","047","Kings","40.69454","-73.92769"
"03/30/2023","AQS","360470118","3","4.4","ug/m3 LC","18","PS 274","1","100.0000","88502","Acceptable PM2.5 AQI & Speciation Mass","35620","New York-Newark-Jersey City, NY-NJ-PA","36","New York","047","Kings","40.69454","-73.92769"
"03/31/2023","AQS","360470118","3","10.6","ug/m3 LC","44","PS 274","1","100.0000","88502","Acceptable PM2.5 AQI & Speciation Mass","35620","New York-Newark-Jersey City, NY-NJ-PA","36","New York","047","Kings","40.69454","-73.92769"
"04/01/2023","AQS","360470118","3","8.8","ug/m3 LC","37","PS 274","1","100.0000","88502","Acceptable PM2.5 AQI & Speciation Mass","35620","New York-Newark-Jersey City, NY-NJ-PA","36","New York","047","Kings","40.69454","-73.92769"
"04/02/2023","AQS","360470118","3","3","ug/m3 LC","13","PS 274","1","100.0000","88502","Acceptable PM2.5 AQI & Speciation Mass","35620","New York-Newark-Jersey City, NY-NJ-PA","36","New York","047","Kings","40.69454","-73.92769"
"04/03/2023","AQS","360470118","3","6.5","ug/m3 LC","27","PS 274","1","100.0000","88502","Acceptable PM2.5 AQI & Speciation Mass","35620","New York-Newark-Jersey City, NY-NJ-PA","36","New York","047","Kings","40.69454","-73.92769"
"04/04/2023","AQS","360470118","3","12","ug/m3 LC","50","PS 274","1","100.0000","88502","Acceptable PM2.5 AQI & Speciation Mass","35620","New York-Newark-Jersey City, NY-NJ-PA","36","New York","047","Kings","40.69454","-73.92769"
"04/05/2023","AQS","360470118","3","12.2","ug/m3 LC","51","PS 274","1","100.0000","88502","Acceptable PM2.5 AQI & Speciation Mass","35620","New York-Newark-Jersey City, NY-NJ-PA","36","New York","047","Kings","40.69454","-73.92769"
"04/06/2023","AQS","360470118","3","14.5","ug/m3 LC","56","PS 274","1","100.0000","88502","Acceptable PM2.5 AQI & Speciation Mass","35620","New York-Newark-Jersey City, NY-NJ-PA","36","New York","047","Kings","40.69454","-73.92769"
"04/07/2023","AQS","360470118","3","4.2","ug/m3 LC","18","PS 274","1","100.0000","88502","Acceptable PM2.5 AQI & Speciation Mass","35620","New York-Newark-Jersey City, NY-NJ-PA","36","New York","047","Kings","40.69454","-73.92769"
"04/08/2023","AQS","360470118","3","5.6","ug/m3 LC","23","PS 274","1","100.0000","88502","Acceptable PM2.5 AQI & Speciation Mass","35620","New York-Newark-Jersey City, NY-NJ-PA","36","New York","047","Kings","40.69454","-73.92769"
"04/09/2023","AQS","360470118","3","6.7","ug/m3 LC","28","PS 274","1","100.0000","88502","Acceptable PM2.5 AQI & Speciation Mass","35620","New York-Newark-Jersey City, NY-NJ-PA","36","New York","047","Kings","40.69454","-73.92769"
"04/10/2023","AQS","360470118","3","9.8","ug/m3 LC","41","PS 274","1","100.0000","88502","Acceptable PM2.5 AQI & Speciation Mass","35620","New York-Newark-Jersey City, NY-NJ-PA","36","New York","047","Kings","40.69454","-73.92769"
"04/11/2023","AQS","360470118","3","9.2","ug/m3 LC","38","PS 274","1","100.0000","88502","Acceptable PM2.5 AQI & Speciation Mass","35620","New York-Newark-Jersey City, NY-NJ-PA","36","New York","047","Kings","40.69454","-73.92769"
"04/12/2023","AQS","360470118","3","10.2","ug/m3 LC","43","PS 274","1","100.0000","88502","Acceptable PM2.5 AQI & Speciation Mass","35620","New York-Newark-Jersey City, NY-NJ-PA","36","New York","047","Kings","40.69454","-73.92769"
"04/13/2023","AQS","360470118","3","12.5","ug/m3 LC","52","PS 274","1","100.0000","88502","Acceptable PM2.5 AQI & Speciation Mass","35620","New York-Newark-Jersey City, NY-NJ-PA","36","New York","047","Kings","40.69454","-73.92769"
"04/14/2023","AQS","360470118","3","15.8","ug/m3 LC","59","PS 274","1","100.0000","88502","Acceptable PM2.5 AQI & Speciation Mass","35620","New York-Newark-Jersey City, NY-NJ-PA","36","New York","047","Kings","40.69454","-73.92769"
"04/15/2023","AQS","360470118","3","7.8","ug/m3 LC","33","PS 274","1","100.0000","88502","Acceptable PM2.5 AQI & Speciation Mass","35620","New York-Newark-Jersey City, NY-NJ-PA","36","New York","047","Kings","40.69454","-73.92769"
"04/16/2023","AQS","360470118","3","9.6","ug/m3 LC","40","PS 274","1","100.0000","88502","Acceptable PM2.5 AQI & Speciation Mass","35620","New York-Newark-Jersey City, NY-NJ-PA","36","New York","047","Kings","40.69454","-73.92769"
"04/17/2023","AQS","360470118","3","8.6","ug/m3 LC","36","PS 274","1","100.0000","88502","Acceptable PM2.5 AQI & Speciation Mass","35620","New York-Newark-Jersey City, NY-NJ-PA","36","New York","047","Kings","40.69454","-73.92769"
"04/18/2023","AQS","360470118","3","5.3","ug/m3 LC","22","PS 274","1","100.0000","88502","Acceptable PM2.5 AQI & Speciation Mass","35620","New York-Newark-Jersey City, NY-NJ-PA","36","New York","047","Kings","40.69454","-73.92769"
"04/19/2023","AQS","360470118","3","7","ug/m3 LC","29","PS 274","1","100.0000","88502","Acceptable PM2.5 AQI & Speciation Mass","35620","New York-Newark-Jersey City, NY-NJ-PA","36","New York","047","Kings","40.69454","-73.92769"
"04/20/2023","AQS","360470118","3","8.3","ug/m3 LC","35","PS 274","1","100.0000","88502","Acceptable PM2.5 AQI & Speciation Mass","35620","New York-Newark-Jersey City, NY-NJ-PA","36","New York","047","Kings","40.69454","-73.92769"
"04/21/2023","AQS","360470118","3","10.1","ug/m3 LC","42","PS 274","1","100.0000","88502","Acceptable PM2.5 AQI & Speciation Mass","35620","New York-Newark-Jersey City, NY-NJ-PA","36","New York","047","Kings","40.69454","-73.92769"
"04/22/2023","AQS","360470118","3","15.5","ug/m3 LC","58","PS 274","1","100.0000","88502","Acceptable PM2.5 AQI & Speciation Mass","35620","New York-Newark-Jersey City, NY-NJ-PA","36","New York","047","Kings","40.69454","-73.92769"
"04/23/2023","AQS","360470118","3","5.6","ug/m3 LC","23","PS 274","1","100.0000","88502","Acceptable PM2.5 AQI & Speciation Mass","35620","New York-Newark-Jersey City, NY-NJ-PA","36","New York","047","Kings","40.69454","-73.92769"
"04/24/2023","AQS","360470118","3","6.5","ug/m3 LC","27","PS 274","1","100.0000","88502","Acceptable PM2.5 AQI & Speciation Mass","35620","New York-Newark-Jersey City, NY-NJ-PA","36","New York","047","Kings","40.69454","-73.92769"
"04/25/2023","AQS","360470118","3","7.4","ug/m3 LC","31","PS 274","1","100.0000","88502","Acceptable PM2.5 AQI & Speciation Mass","35620","New York-Newark-Jersey City, NY-NJ-PA","36","New York","047","Kings","40.69454","-73.92769"
"04/26/2023","AQS","360470118","3","9.7","ug/m3 LC","40","PS 274","1","100.0000","88502","Acceptable PM2.5 AQI & Speciation Mass","35620","New York-Newark-Jersey City, NY-NJ-PA","36","New York","047","Kings","40.69454","-73.92769"
"04/27/2023","AQS","360470118","3","11.1","ug/m3 LC","46","PS 274","1","100.0000","88502","Acceptable PM2.5 AQI & Speciation Mass","35620","New York-Newark-Jersey City, NY-NJ-PA","36","New York","047","Kings","40.69454","-73.92769"
"04/28/2023","AQS","360470118","3","10.2","ug/m3 LC","43","PS 274","1","100.0000","88502","Acceptable PM2.5 AQI & Speciation Mass","35620","New York-Newark-Jersey City, NY-NJ-PA","36","New York","047","Kings","40.69454","-73.92769"
"04/29/2023","AQS","360470118","3","5.9","ug/m3 LC","25","PS 274","1","100.0000","88502","Acceptable PM2.5 AQI & Speciation Mass","35620","New York-Newark-Jersey City, NY-NJ-PA","36","New York","047","Kings","40.69454","-73.92769"
"04/30/2023","AQS","360470118","3","5.7","ug/m3 LC","24","PS 274","1","100.0000","88502","Acceptable PM2.5 AQI & Speciation Mass","35620","New York-Newark-Jersey City, NY-NJ-PA","36","New York","047","Kings","40.69454","-73.92769"
"05/01/2023","AQS","360470118","3","3.7","ug/m3 LC","15","PS 274","1","100.0000","88502","Acceptable PM2.5 AQI & Speciation Mass","35620","New York-Newark-Jersey City, NY-NJ-PA","36","New York","047","Kings","40.69454","-73.92769"
"05/02/2023","AQS","360470118","3","3.3","ug/m3 LC","14","PS 274","1","100.0000","88502","Acceptable PM2.5 AQI & Speciation Mass","35620","New York-Newark-Jersey City, NY-NJ-PA","36","New York","047","Kings","40.69454","-73.92769"
"05/03/2023","AQS","360470118","3","3.6","ug/m3 LC","15","PS 274","1","100.0000","88502","Acceptable PM2.5 AQI & Speciation Mass","35620","New York-Newark-Jersey City, NY-NJ-PA","36","New York","047","Kings","40.69454","-73.92769"
"05/04/2023","AQS","360470118","3","7.1","ug/m3 LC","30","PS 274","1","100.0000","88502","Acceptable PM2.5 AQI & Speciation Mass","35620","New York-Newark-Jersey City, NY-NJ-PA","36","New York","047","Kings","40.69454","-73.92769"
"05/05/2023","AQS","360470118","3","8.4","ug/m3 LC","35","PS 274","1","100.0000","88502","Acceptable PM2.5 AQI & Speciation Mass","35620","New York-Newark-Jersey City, NY-NJ-PA","36","New York","047","Kings","40.69454","-73.92769"
"05/06/2023","AQS","360470118","3","6.9","ug/m3 LC","29","PS 274","1","100.0000","88502","Acceptable PM2.5 AQI & Speciation Mass","35620","New York-Newark-Jersey City, NY-NJ-PA","36","New York","047","Kings","40.69454","-73.92769"
"05/07/2023","AQS","360470118","3","6.6","ug/m3 LC","28","PS 274","1","100.0000","88502","Acceptable PM2.5 AQI & Speciation Mass","35620","New York-Newark-Jersey City, NY-NJ-PA","36","New York","047","Kings","40.69454","-73.92769"
"05/08/2023","AQS","360470118","3","5.6","ug/m3 LC","23","PS 274","1","100.0000","88502","Acceptable PM2.5 AQI & Speciation Mass","35620","New York-Newark-Jersey City, NY-NJ-PA","36","New York","047","Kings","40.69454","-73.92769"
"05/09/2023","AQS","360470118","3","5.4","ug/m3 LC","23","PS 274","1","100.0000","88502","Acceptable PM2.5 AQI & Speciation Mass","35620","New York-Newark-Jersey City, NY-NJ-PA","36","New York","047","Kings","40.69454","-73.92769"
"05/10/2023","AQS","360470118","3","8.7","ug/m3 LC","36","PS 274","1","100.0000","88502","Acceptable PM2.5 AQI & Speciation Mass","35620","New York-Newark-Jersey City, NY-NJ-PA","36","New York","047","Kings","40.69454","-73.92769"
"05/11/2023","AQS","360470118","3","13.4","ug/m3 LC","54","PS 274","1","100.0000","88502","Acceptable PM2.5 AQI & Speciation Mass","35620","New York-Newark-Jersey City, NY-NJ-PA","36","New York","047","Kings","40.69454","-73.92769"
"05/12/2023","AQS","360470118","3","16.7","ug/m3 LC","61","PS 274","1","100.0000","88502","Acceptable PM2.5 AQI & Speciation Mass","35620","New York-Newark-Jersey City, NY-NJ-PA","36","New York","047","Kings","40.69454","-73.92769"
"05/13/2023","AQS","360470118","3","13.1","ug/m3 LC","53","PS 274","1","100.0000","88502","Acceptable PM2.5 AQI & Speciation Mass","35620","New York-Newark-Jersey City, NY-NJ-PA","36","New York","047","Kings","40.69454","-73.92769"
"05/14/2023","AQS","360470118","3","8.3","ug/m3 LC","35","PS 274","1","100.0000","88502","Acceptable PM2.5 AQI & Speciation Mass","35620","New York-Newark-Jersey City, NY-NJ-PA","36","New York","047","Kings","40.69454","-73.92769"
"05/15/2023","AQS","360470118","3","6","ug/m3 LC","25","PS 274","1","100.0000","88502","Acceptable PM2.5 AQI & Speciation Mass","35620","New York-Newark-Jersey City, NY-NJ-PA","36","New York","047","Kings","40.69454","-73.92769"
"05/16/2023","AQS","360470118","3","8.6","ug/m3 LC","36","PS 274","1","100.0000","88502","Acceptable PM2.5 AQI & Speciation Mass","35620","New York-Newark-Jersey City, NY-NJ-PA","36","New York","047","Kings","40.69454","-73.92769"
"05/17/2023","AQS","360470118","3","6","ug/m3 LC","25","PS 274","1","100.0000","88502","Acceptable PM2.5 AQI & Speciation Mass","35620","New York-Newark-Jersey City, NY-NJ-PA","36","New York","047","Kings","40.69454","-73.92769"
"05/18/2023","AQS","360470118","3","4.7","ug/m3 LC","20","PS 274","1","100.0000","88502","Acceptable PM2.5 AQI & Speciation Mass","35620","New York-Newark-Jersey City, NY-NJ-PA","36","New York","047","Kings","40.69454","-73.92769"
"05/19/2023","AQS","360470118","3","6.9","ug/m3 LC","29","PS 274","1","100.0000","88502","Acceptable PM2.5 AQI & Speciation Mass","35620","New York-Newark-Jersey City, NY-NJ-PA","36","New York","047","Kings","40.69454","-73.92769"
"05/20/2023","AQS","360470118","3","7.3","ug/m3 LC","30","PS 274","1","100.0000","88502","Acceptable PM2.5 AQI & Speciation Mass","35620","New York-Newark-Jersey City, NY-NJ-PA","36","New York","047","Kings","40.69454","-73.92769"
"05/21/2023","AQS","360470118","3","12.2","ug/m3 LC","51","PS 274","1","100.0000","88502","Acceptable PM2.5 AQI & Speciation Mass","35620","New York-Newark-Jersey City, NY-NJ-PA","36","New York","047","Kings","40.69454","-73.92769"
"05/22/2023","AQS","360470118","3","17.4","ug/m3 LC","62","PS 274","1","100.0000","88502","Acceptable PM2.5 AQI & Speciation Mass","35620","New York-Newark-Jersey City, NY-NJ-PA","36","New York","047","Kings","40.69454","-73.92769"
"05/23/2023","AQS","360470118","3","10.1","ug/m3 LC","42","PS 274","1","100.0000","88502","Acceptable PM2.5 AQI & Speciation Mass","35620","New York-Newark-Jersey City, NY-NJ-PA","36","New York","047","Kings","40.69454","-73.92769"
"05/24/2023","AQS","360470118","3","8","ug/m3 LC","33","PS 274","1","100.0000","88502","Acceptable PM2.5 AQI & Speciation Mass","35620","New York-Newark-Jersey City, NY-NJ-PA","36","New York","047","Kings","40.69454","-73.92769"
"05/25/2023","AQS","360470118","3","4.4","ug/m3 LC","18","PS 274","1","100.0000","88502","Acceptable PM2.5 AQI & Speciation Mass","35620","New York-Newark-Jersey City, NY-NJ-PA","36","New York","047","Kings","40.69454","-73.92769"
"05/26/2023","AQS","360470118","3","5.6","ug/m3 LC","23","PS 274","1","100.0000","88502","Acceptable PM2.5 AQI & Speciation Mass","35620","New York-Newark-Jersey City, NY-NJ-PA","36","New York","047","Kings","40.69454","-73.92769"
"05/27/2023","AQS","360470118","3","6.4","ug/m3 LC","27","PS 274","1","100.0000","88502","Acceptable PM2.5 AQI & Speciation Mass","35620","New York-Newark-Jersey City, NY-NJ-PA","36","New York","047","Kings","40.69454","-73.92769"
"05/28/2023","AQS","360470118","3","6.2","ug/m3 LC","26","PS 274","1","100.0000","88502","Acceptable PM2.5 AQI & Speciation Mass","35620","New York-Newark-Jersey City, NY-NJ-PA","36","New York","047","Kings","40.69454","-73.92769"
"05/29/2023","AQS","360470118","3","11.3","ug/m3 LC","47","PS 274","1","100.0000","88502","Acceptable PM2.5 AQI & Speciation Mass","35620","New York-Newark-Jersey City, NY-NJ-PA","36","New York","047","Kings","40.69454","-73.92769"
"05/30/2023","AQS","360470118","3","14.3","ug/m3 LC","56","PS 274","1","100.0000","88502","Acceptable PM2.5 AQI & Speciation Mass","35620","New York-Newark-Jersey City, NY-NJ-PA","36","New York","047","Kings","40.69454","-73.92769"
"05/31/2023","AQS","360470118","3","13.6","ug/m3 LC","54","PS 274","1","100.0000","88502","Acceptable PM2.5 AQI & Speciation Mass","35620","New York-Newark-Jersey City, NY-NJ-PA","36","New York","047","Kings","40.69454","-73.92769"
"06/01/2023","AQS","360470118","3","15.7","ug/m3 LC","59","PS 274","1","100.0000","88502","Acceptable PM2.5 AQI & Speciation Mass","35620","New York-Newark-Jersey City, NY-NJ-PA","36","New York","047","Kings","40.69454","-73.92769"
"06/02/2023","AQS","360470118","3","14.3","ug/m3 LC","56","PS 274","1","100.0000","88502","Acceptable PM2.5 AQI & Speciation Mass","35620","New York-Newark-Jersey City, NY-NJ-PA","36","New York","047","Kings","40.69454","-73.92769"
"06/03/2023","AQS","360470118","3","11.7","ug/m3 LC","49","PS 274","1","100.0000","88502","Acceptable PM2.5 AQI & Speciation Mass","35620","New York-Newark-Jersey City, NY-NJ-PA","36","New York","047","Kings","40.69454","-73.92769"
"06/04/2023","AQS","360470118","3","4.8","ug/m3 LC","20","PS 274","1","100.0000","88502","Acceptable PM2.5 AQI & Speciation Mass","35620","New York-Newark-Jersey City, NY-NJ-PA","36","New York","047","Kings","40.69454","-73.92769"
"06/05/2023","AQS","360470118","3","12.6","ug/m3 LC","52","PS 274","1","100.0000","88502","Acceptable PM2.5 AQI & Speciation Mass","35620","New York-Newark-Jersey City, NY-NJ-PA","36","New York","047","Kings","40.69454","-73.92769"
"06/06/2023","AQS","360470118","3","82.3","ug/m3 LC","165","PS 274","1","100.0000","88502","Acceptable PM2.5 AQI & Speciation Mass","35620","New York-Newark-Jersey City, NY-NJ-PA","36","New York","047","Kings","40.69454","-73.92769"
"06/07/2023","AQS","360470118","3","173.8","ug/m3 LC","224","PS 274","1","100.0000","88502","Acceptable PM2.5 AQI & Speciation Mass","35620","New York-Newark-Jersey City, NY-NJ-PA","36","New York","047","Kings","40.69454","-73.92769"
"06/08/2023","AQS","360470118","3","85.4","ug/m3 LC","166","PS 274","1","100.0000","88502","Acceptable PM2.5 AQI & Speciation Mass","35620","New York-Newark-Jersey City, NY-NJ-PA","36","New York","047","Kings","40.69454","-73.92769"
"06/09/2023","AQS","360470118","3","13.5","ug/m3 LC","54","PS 274","1","100.0000","88502","Acceptable PM2.5 AQI & Speciation Mass","35620","New York-Newark-Jersey City, NY-NJ-PA","36","New York","047","Kings","40.69454","-73.92769"
"06/10/2023","AQS","360470118","3","14.5","ug/m3 LC","56","PS 274","1","100.0000","88502","Acceptable PM2.5 AQI & Speciation Mass","35620","New York-Newark-Jersey City, NY-NJ-PA","36","New York","047","Kings","40.69454","-73.92769"
"06/11/2023","AQS","360470118","3","30.6","ug/m3 LC","90","PS 274","1","100.0000","88502","Acceptable PM2.5 AQI & Speciation Mass","35620","New York-Newark-Jersey City, NY-NJ-PA","36","New York","047","Kings","40.69454","-73.92769"
"06/12/2023","AQS","360470118","3","23.6","ug/m3 LC","75","PS 274","1","100.0000","88502","Acceptable PM2.5 AQI & Speciation Mass","35620","New York-Newark-Jersey City, NY-NJ-PA","36","New York","047","Kings","40.69454","-73.92769"
"06/13/2023","AQS","360470118","3","8.2","ug/m3 LC","34","PS 274","1","100.0000","88502","Acceptable PM2.5 AQI & Speciation Mass","35620","New York-Newark-Jersey City, NY-NJ-PA","36","New York","047","Kings","40.69454","-73.92769"
"06/14/2023","AQS","360470118","3","8.8","ug/m3 LC","37","PS 274","1","100.0000","88502","Acceptable PM2.5 AQI & Speciation Mass","35620","New York-Newark-Jersey City, NY-NJ-PA","36","New York","047","Kings","40.69454","-73.92769"
"01/03/2023","AQS","360470122","1","19.8","ug/m3 LC","67","JHS 126","1","100.0000","88101","PM2.5 - Local Conditions","35620","New York-Newark-Jersey City, NY-NJ-PA","36","New York","047","Kings","40.71961","-73.94771"
"01/06/2023","AQS","360470122","1","6.1","ug/m3 LC","25","JHS 126","1","100.0000","88101","PM2.5 - Local Conditions","35620","New York-Newark-Jersey City, NY-NJ-PA","36","New York","047","Kings","40.71961","-73.94771"
"01/09/2023","AQS","360470122","1","8.1","ug/m3 LC","34","JHS 126","1","100.0000","88101","PM2.5 - Local Conditions","35620","New York-Newark-Jersey City, NY-NJ-PA","36","New York","047","Kings","40.71961","-73.94771"
"01/12/2023","AQS","360470122","1","8.6","ug/m3 LC","36","JHS 126","1","100.0000","88101","PM2.5 - Local Conditions","35620","New York-Newark-Jersey City, NY-NJ-PA","36","New York","047","Kings","40.71961","-73.94771"
"01/15/2023","AQS","360470122","1","3","ug/m3 LC","13","JHS 126","1","100.0000","88101","PM2.5 - Local Conditions","35620","New York-Newark-Jersey City, NY-NJ-PA","36","New York","047","Kings","40.71961","-73.94771"
"01/18/2023","AQS","360470122","1","6","ug/m3 LC","25","JHS 126","1","100.0000","88101","PM2.5 - Local Conditions","35620","New York-Newark-Jersey City, NY-NJ-PA","36","New York","047","Kings","40.71961","-73.94771"
"01/21/2023","AQS","360470122","1","2.5","ug/m3 LC","10","JHS 126","1","100.0000","88101","PM2.5 - Local Conditions","35620","New York-Newark-Jersey City, NY-NJ-PA","36","New York","047","Kings","40.71961","-73.94771"
"01/24/2023","AQS","360470122","1","4.8","ug/m3 LC","20","JHS 126","1","100.0000","88101","PM2.5 - Local Conditions","35620","New York-Newark-Jersey City, NY-NJ-PA","36","New York","047","Kings","40.71961","-73.94771"
"01/27/2023","AQS","360470122","1","6","ug/m3 LC","25","JHS 126","1","100.0000","88101","PM2.5 - Local Conditions","35620","New York-Newark-Jersey City, NY-NJ-PA","36","New York","047","Kings","40.71961","-73.94771"
"01/30/2023","AQS","360470122","1","12.7","ug/m3 LC","52","JHS 126","1","100.0000","88101","PM2.5 - Local Conditions","35620","New York-Newark-Jersey City, NY-NJ-PA","36","New York","047","Kings","40.71961","-73.94771"
"02/02/2023","AQS","360470122","1","11.5","ug/m3 LC","48","JHS 126","1","100.0000","88101","PM2.5 - Local Conditions","35620","New York-Newark-Jersey City, NY-NJ-PA","36","New York","047","Kings","40.71961","-73.94771"
"02/05/2023","AQS","360470122","1","9.7","ug/m3 LC","40","JHS 126","1","100.0000","88101","PM2.5 - Local Conditions","35620","New York-Newark-Jersey City, NY-NJ-PA","36","New York","047","Kings","40.71961","-73.94771"
"02/08/2023","AQS","360470122","1","11.9","ug/m3 LC","50","JHS 126","1","100.0000","88101","PM2.5 - Local Conditions","35620","New York-Newark-Jersey City, NY-NJ-PA","36","New York","047","Kings","40.71961","-73.94771"
"02/11/2023","AQS","360470122","1","3.2","ug/m3 LC","13","JHS 126","1","100.0000","88101","PM2.5 - Local Conditions","35620","New York-Newark-Jersey City, NY-NJ-PA","36","New York","047","Kings","40.71961","-73.94771"
"02/14/2023","AQS","360470122","1","5.7","ug/m3 LC","24","JHS 126","1","100.0000","88101","PM2.5 - Local Conditions","35620","New York-Newark-Jersey City, NY-NJ-PA","36","New York","047","Kings","40.71961","-73.94771"
"02/17/2023","AQS","360470122","1","7.9","ug/m3 LC","33","JHS 126","1","100.0000","88101","PM2.5 - Local Conditions","35620","New York-Newark-Jersey City, NY-NJ-PA","36","New York","047","Kings","40.71961","-73.94771"
"02/20/2023","AQS","360470122","1","8.5","ug/m3 LC","35","JHS 126","1","100.0000","88101","PM2.5 - Local Conditions","35620","New York-Newark-Jersey City, NY-NJ-PA","36","New York","047","Kings","40.71961","-73.94771"
"02/23/2023","AQS","360470122","1","6.4","ug/m3 LC","27","JHS 126","1","100.0000","88101","PM2.5 - Local Conditions","35620","New York-Newark-Jersey City, NY-NJ-PA","36","New York","047","Kings","40.71961","-73.94771"
"02/26/2023","AQS","360470122","1","15","ug/m3 LC","57","JHS 126","1","100.0000","88101","PM2.5 - Local Conditions","35620","New York-Newark-Jersey City, NY-NJ-PA","36","New York","047","Kings","40.71961","-73.94771"
"03/01/2023","AQS","360470122","1","7.4","ug/m3 LC","31","JHS 126","1","100.0000","88101","PM2.5 - Local Conditions","35620","New York-Newark-Jersey City, NY-NJ-PA","36","New York","047","Kings","40.71961","-73.94771"
"03/04/2023","AQS","360470122","1","2.7","ug/m3 LC","11","JHS 126","1","100.0000","88101","PM2.5 - Local Conditions","35620","New York-Newark-Jersey City, NY-NJ-PA","36","New York","047","Kings","40.71961","-73.94771"
"03/07/2023","AQS","360470122","1","2.7","ug/m3 LC","11","JHS 126","1","100.0000","88101","PM2.5 - Local Conditions","35620","New York-Newark-Jersey City, NY-NJ-PA","36","New York","047","Kings","40.71961","-73.94771"
"03/10/2023","AQS","360470122","1","7.2","ug/m3 LC","30","JHS 126","1","100.0000","88101","PM2.5 - Local Conditions","35620","New York-Newark-Jersey City, NY-NJ-PA","36","New York","047","Kings","40.71961","-73.94771"
"03/13/2023","AQS","360470122","1","5.7","ug/m3 LC","24","JHS 126","1","100.0000","88101","PM2.5 - Local Conditions","35620","New York-Newark-Jersey City, NY-NJ-PA","36","New York","047","Kings","40.71961","-73.94771"
"03/16/2023","AQS","360470122","1","5.5","ug/m3 LC","23","JHS 126","1","100.0000","88101","PM2.5 - Local Conditions","35620","New York-Newark-Jersey City, NY-NJ-PA","36","New York","047","Kings","40.71961","-73.94771"
"03/19/2023","AQS","360470122","1","2.7","ug/m3 LC","11","JHS 126","1","100.0000","88101","PM2.5 - Local Conditions","35620","New York-Newark-Jersey City, NY-NJ-PA","36","New York","047","Kings","40.71961","-73.94771"
"03/22/2023","AQS","360470122","1","6.5","ug/m3 LC","27","JHS 126","1","100.0000","88101","PM2.5 - Local Conditions","35620","New York-Newark-Jersey City, NY-NJ-PA","36","New York","047","Kings","40.71961","-73.94771"
"03/25/2023","AQS","360470122","1","5.5","ug/m3 LC","23","JHS 126","1","100.0000","88101","PM2.5 - Local Conditions","35620","New York-Newark-Jersey City, NY-NJ-PA","36","New York","047","Kings","40.71961","-73.94771"
"03/28/2023","AQS","360470122","1","4.2","ug/m3 LC","18","JHS 126","1","100.0000","88101","PM2.5 - Local Conditions","35620","New York-Newark-Jersey City, NY-NJ-PA","36","New York","047","Kings","40.71961","-73.94771"
